<?xml version="1.0" encoding="UTF-8"?>
<beans xmlns="http://www.springframework.org/schema/beans"
       xmlns:xsi="http://www.w3.org/2001/XMLSchema-instance"
       xmlns:context="http://www.springframework.org/schema/context"
       xmlns:mvc="http://www.springframework.org/schema/mvc"
       xsi:schemaLocation="http://www.springframework.org/schema/beans
       http://www.springframework.org/schema/beans/spring-beans.xsd
       http://www.springframework.org/schema/context
       http://www.springframework.org/schema/context/spring-context.xsd
       http://www.springframework.org/schema/util
       http://www.springframework.org/schema/util/spring-util-4.0.xsd
       http://www.springframework.org/schema/mvc
       http://www.springframework.org/schema/mvc/spring-mvc.xsd"
       xmlns:util="http://www.springframework.org/schema/util">
    <!-- 自定义扫描控制器的包 -->
    <mvc:annotation-driven>
        <mvc:message-converters register-defaults="true">
            <bean class="org.springframework.http.converter.StringHttpMessageConverter">
                <constructor-arg value="UTF-8" />
            </bean>
        </mvc:message-converters>
    </mvc:annotation-driven>
    <context:component-scan base-package="api" />
    <!-- 定义视图的前缀和后缀 -->
<!--    <bean name="/api" class="api.api"/>-->
    <bean id="multipartResolver"
          class="org.springframework.web.multipart.commons.CommonsMultipartResolver">
    </bean>
    <mvc:resources location="/static/" mapping="/static/**/"/>
</beans>